"Status","Start Time","Stop Time","Duration in ms","Parent Suite","Suite","Sub Suite","Test Class","Test Method","Name","Description"
"broken","Wed Jun 29 14:46:00 GMT 2022","Wed Jun 29 14:46:00 GMT 2022","0","testing","test_main","TestConduit","","","test_data_list",""
"broken","Wed Jun 29 14:46:04 GMT 2022","Wed Jun 29 14:46:04 GMT 2022","0","testing","test_main","TestConduit","","","test_data_repeat",""
"broken","Wed Jun 29 14:46:09 GMT 2022","Wed Jun 29 14:46:09 GMT 2022","0","testing","test_main","TestConduit","","","test_sign_out",""
"broken","Wed Jun 29 14:45:55 GMT 2022","Wed Jun 29 14:45:55 GMT 2022","0","testing","test_main","TestConduit","","","test_registration_fail",""
"broken","Wed Jun 29 14:46:05 GMT 2022","Wed Jun 29 14:46:05 GMT 2022","0","testing","test_main","TestConduit","","","test_data_modify",""
"broken","Wed Jun 29 14:45:58 GMT 2022","Wed Jun 29 14:45:58 GMT 2022","0","testing","test_main","TestConduit","","","test_signin_correct",""
"broken","Wed Jun 29 14:46:07 GMT 2022","Wed Jun 29 14:46:07 GMT 2022","0","testing","test_main","TestConduit","","","test_data_delete",""
"broken","Wed Jun 29 14:45:59 GMT 2022","Wed Jun 29 14:45:59 GMT 2022","0","testing","test_main","TestConduit","","","test_cookies",""
"broken","Wed Jun 29 14:46:08 GMT 2022","Wed Jun 29 14:46:08 GMT 2022","0","testing","test_main","TestConduit","","","test_data_save",""
"broken","Wed Jun 29 14:46:03 GMT 2022","Wed Jun 29 14:46:03 GMT 2022","0","testing","test_main","TestConduit","","","test_post_make",""
"broken","Wed Jun 29 14:46:02 GMT 2022","Wed Jun 29 14:46:02 GMT 2022","0","testing","test_main","TestConduit","","","test_multiple_pages",""
